{"cameraMode":{"drawMode":0,"name":"Shaded","section":"Shading Mode"},"sceneLighting":true,"audioPlay":false,"sceneViewState":{"showFog":true,"showMaterialUpdate":false,"showSkybox":true,"showFlares":true,"showImageEffects":true,"showParticleSystems":true,"showVisualEffectGraphs":true,"m_FxEnabled":true},"in2DMode":false,"pivot":{"x":64.84461212158203,"y":624.6385498046875,"z":-312.5907897949219},"rotation":{"x":0.0014978729886934162,"y":-0.03688795864582062,"z":0.00008599198918091133,"w":0.9993579983711243},"size":178.71900939941407,"orthographic":false}