{"cameraMode":{"drawMode":0,"name":"Shaded","section":"Shading Mode"},"sceneLighting":true,"audioPlay":false,"sceneViewState":{"showFog":true,"showMaterialUpdate":false,"showSkybox":true,"showFlares":true,"showImageEffects":true,"showParticleSystems":true,"showVisualEffectGraphs":true,"m_FxEnabled":true},"in2DMode":false,"pivot":{"x":186.92120361328126,"y":490.90093994140627,"z":-344.7196350097656},"rotation":{"x":0.11181119829416275,"y":0.08991885185241699,"z":-0.010140391066670418,"w":0.9896662831306458},"size":125.08865356445313,"orthographic":false}