{"cameraMode":{"drawMode":0,"name":"Shaded","section":"Shading Mode"},"sceneLighting":true,"audioPlay":false,"sceneViewState":{"showFog":true,"showMaterialUpdate":false,"showSkybox":true,"showFlares":true,"showImageEffects":true,"showParticleSystems":true,"showVisualEffectGraphs":true,"m_FxEnabled":true},"in2DMode":false,"pivot":{"x":196.69284057617188,"y":576.2171020507813,"z":-336.1199951171875},"rotation":{"x":-0.013443052768707276,"y":0.09047997742891312,"z":0.0012441338039934636,"w":0.9958688616752625},"size":157.47116088867188,"orthographic":false}