{"cameraMode":{"drawMode":0,"name":"Shaded","section":"Shading Mode"},"sceneLighting":true,"audioPlay":false,"sceneViewState":{"showFog":true,"showMaterialUpdate":false,"showSkybox":true,"showFlares":true,"showImageEffects":true,"showParticleSystems":true,"showVisualEffectGraphs":true,"m_FxEnabled":true},"in2DMode":false,"pivot":{"x":208.61557006835938,"y":453.1810607910156,"z":-361.8553466796875},"rotation":{"x":-0.17628994584083558,"y":-0.11783340573310852,"z":0.021268770098686219,"w":-0.9771132469177246},"size":142.74693298339845,"orthographic":false}