{"cameraMode":{"drawMode":0,"name":"Shaded","section":"Shading Mode"},"sceneLighting":true,"audioPlay":false,"sceneViewState":{"showFog":true,"showMaterialUpdate":false,"showSkybox":true,"showFlares":true,"showImageEffects":true,"showParticleSystems":true,"showVisualEffectGraphs":true,"m_FxEnabled":true},"in2DMode":false,"pivot":{"x":551.6082763671875,"y":352.2095642089844,"z":-165.32046508789063},"rotation":{"x":-0.06594270467758179,"y":0.017949208617210389,"z":-0.0011966365855187178,"w":-0.9976822137832642},"size":265.09515380859377,"orthographic":false}