{"cameraMode":{"drawMode":0,"name":"Shaded","section":"Shading Mode"},"sceneLighting":true,"audioPlay":false,"sceneViewState":{"showFog":true,"showMaterialUpdate":false,"showSkybox":true,"showFlares":true,"showImageEffects":true,"showParticleSystems":true,"showVisualEffectGraphs":true,"m_FxEnabled":true},"in2DMode":false,"pivot":{"x":104.19617462158203,"y":648.9177856445313,"z":-292.44415283203127},"rotation":{"x":0.038956645876169208,"y":-0.041967906057834628,"z":-0.0016430424293503166,"w":-0.9983879923820496},"size":72.22083282470703,"orthographic":false}