{"cameraMode":{"drawMode":0,"name":"Shaded","section":"Shading Mode"},"sceneLighting":true,"audioPlay":false,"sceneViewState":{"showFog":true,"showMaterialUpdate":false,"showSkybox":true,"showFlares":true,"showImageEffects":true,"showParticleSystems":true,"showVisualEffectGraphs":true,"m_FxEnabled":true},"in2DMode":false,"pivot":{"x":246.34449768066407,"y":270.8248291015625,"z":-213.2003631591797},"rotation":{"x":0.0986914336681366,"y":-0.05460242182016373,"z":0.005424925126135349,"w":0.9936233758926392},"size":222.29856872558595,"orthographic":false}