{"cameraMode":{"drawMode":0,"name":"Shaded","section":"Shading Mode"},"sceneLighting":true,"audioPlay":false,"sceneViewState":{"showFog":true,"showMaterialUpdate":false,"showSkybox":true,"showFlares":true,"showImageEffects":true,"showParticleSystems":true,"showVisualEffectGraphs":true,"m_FxEnabled":true},"in2DMode":false,"pivot":{"x":219.30645751953126,"y":588.2313842773438,"z":-331.7224426269531},"rotation":{"x":0.047357503324747089,"y":0.16171494126319886,"z":-0.0077293612994253639,"w":0.9857272505760193},"size":213.12574768066407,"orthographic":false}