{"cameraMode":{"drawMode":0,"name":"Shaded","section":"Shading Mode"},"sceneLighting":true,"audioPlay":false,"sceneViewState":{"showFog":true,"showMaterialUpdate":false,"showSkybox":true,"showFlares":true,"showImageEffects":true,"showParticleSystems":true,"showVisualEffectGraphs":true,"m_FxEnabled":true},"in2DMode":false,"pivot":{"x":161.47544860839845,"y":496.5184326171875,"z":-339.7573547363281},"rotation":{"x":0.1136908084154129,"y":0.03487611189484596,"z":-0.003975148778408766,"w":0.9929589629173279},"size":157.47116088867188,"orthographic":false}