{"cameraMode":{"drawMode":0,"name":"Shaded","section":"Shading Mode"},"sceneLighting":true,"audioPlay":false,"sceneViewState":{"showFog":true,"showMaterialUpdate":false,"showSkybox":true,"showFlares":true,"showImageEffects":true,"showParticleSystems":true,"showVisualEffectGraphs":true,"m_FxEnabled":true},"in2DMode":false,"pivot":{"x":184.07188415527345,"y":519.7095336914063,"z":-337.6721496582031},"rotation":{"x":0.0762391984462738,"y":0.07084563374519348,"z":-0.0053957258351147179,"w":0.9946153163909912},"size":157.47116088867188,"orthographic":false}