{"cameraMode":{"drawMode":0,"name":"Shaded","section":"Shading Mode"},"sceneLighting":true,"audioPlay":false,"sceneViewState":{"showFog":true,"showMaterialUpdate":false,"showSkybox":true,"showFlares":true,"showImageEffects":true,"showParticleSystems":true,"showVisualEffectGraphs":true,"m_FxEnabled":true},"in2DMode":false,"pivot":{"x":254.50733947753907,"y":632.929931640625,"z":-343.2398986816406},"rotation":{"x":-0.004396784584969282,"y":0.20465894043445588,"z":0.0009610269917175174,"w":0.9788793325424194},"size":213.12574768066407,"orthographic":false}