{"cameraMode":{"drawMode":0,"name":"Shaded","section":"Shading Mode"},"sceneLighting":true,"audioPlay":false,"sceneViewState":{"showFog":true,"showMaterialUpdate":false,"showSkybox":true,"showFlares":true,"showImageEffects":true,"showParticleSystems":true,"showVisualEffectGraphs":true,"m_FxEnabled":true},"in2DMode":false,"pivot":{"x":180.56900024414063,"y":648.2164916992188,"z":-323.7010803222656},"rotation":{"x":-0.031240055337548257,"y":0.1262086033821106,"z":0.004007956478744745,"w":0.991544246673584},"size":178.71900939941407,"orthographic":false}