{"cameraMode":{"drawMode":0,"name":"Shaded","section":"Shading Mode"},"sceneLighting":true,"audioPlay":false,"sceneViewState":{"showFog":true,"showMaterialUpdate":false,"showSkybox":true,"showFlares":true,"showImageEffects":true,"showParticleSystems":true,"showVisualEffectGraphs":true,"m_FxEnabled":true},"in2DMode":false,"pivot":{"x":675.9011840820313,"y":467.4032287597656,"z":-459.13787841796877},"rotation":{"x":-0.03143998607993126,"y":-0.06114308908581734,"z":0.0019181338138878346,"w":-0.997747004032135},"size":250.42453002929688,"orthographic":false}