{"cameraMode":{"drawMode":0,"name":"Shaded","section":"Shading Mode"},"sceneLighting":true,"audioPlay":false,"sceneViewState":{"showFog":true,"showMaterialUpdate":false,"showSkybox":true,"showFlares":true,"showImageEffects":true,"showParticleSystems":true,"showVisualEffectGraphs":true,"m_FxEnabled":true},"in2DMode":false,"pivot":{"x":197.21200561523438,"y":616.0604858398438,"z":-327.8348693847656},"rotation":{"x":0.013351804576814175,"y":0.15002931654453278,"z":-0.00199586502276361,"w":0.9886319041252136},"size":178.71900939941407,"orthographic":false}