{"cameraMode":{"drawMode":0,"name":"Shaded","section":"Shading Mode"},"sceneLighting":true,"audioPlay":false,"sceneViewState":{"showFog":true,"showMaterialUpdate":false,"showSkybox":true,"showFlares":true,"showImageEffects":true,"showParticleSystems":true,"showVisualEffectGraphs":true,"m_FxEnabled":true},"in2DMode":false,"pivot":{"x":421.385009765625,"y":-241.3492431640625,"z":807.8626098632813},"rotation":{"x":0.20112189650535584,"y":0.0005914982757531107,"z":-0.00011104124132543802,"w":0.9795812368392944},"size":714.8945922851563,"orthographic":false}