{"cameraMode":{"drawMode":0,"name":"Shaded","section":"Shading Mode"},"sceneLighting":true,"audioPlay":false,"sceneViewState":{"showFog":true,"showMaterialUpdate":false,"showSkybox":true,"showFlares":true,"showImageEffects":true,"showParticleSystems":true,"showVisualEffectGraphs":true,"m_FxEnabled":true},"in2DMode":false,"pivot":{"x":338.7427978515625,"y":598.4263305664063,"z":-393.5868225097656},"rotation":{"x":0.034160561859607699,"y":0.3159041702747345,"z":-0.011341256089508534,"w":0.9481644630432129},"size":213.12574768066407,"orthographic":false}