{"cameraMode":{"drawMode":0,"name":"Shaded","section":"Shading Mode"},"sceneLighting":true,"audioPlay":false,"sceneViewState":{"showFog":true,"showMaterialUpdate":false,"showSkybox":true,"showFlares":true,"showImageEffects":true,"showParticleSystems":true,"showVisualEffectGraphs":true,"m_FxEnabled":true},"in2DMode":false,"pivot":{"x":361.82916259765627,"y":412.6621398925781,"z":-395.7433166503906},"rotation":{"x":0.002969847060739994,"y":-0.14353129267692567,"z":-0.00042624594061635435,"w":-0.9897340536117554},"size":192.2999267578125,"orthographic":false}