{"cameraMode":{"drawMode":0,"name":"Shaded","section":"Shading Mode"},"sceneLighting":true,"audioPlay":false,"sceneViewState":{"showFog":true,"showMaterialUpdate":false,"showSkybox":true,"showFlares":true,"showImageEffects":true,"showParticleSystems":true,"showVisualEffectGraphs":true,"m_FxEnabled":true},"in2DMode":false,"pivot":{"x":3.4987621307373049,"y":-31.954635620117189,"z":-73.563232421875},"rotation":{"x":0.00032800674671307206,"y":-0.9288592338562012,"z":0.3704594373703003,"w":0.0008358589839190245},"size":118.5347900390625,"orthographic":false}