{"cameraMode":{"drawMode":0,"name":"Shaded","section":"Shading Mode"},"sceneLighting":true,"audioPlay":false,"sceneViewState":{"showFog":true,"showMaterialUpdate":false,"showSkybox":true,"showFlares":true,"showImageEffects":true,"showParticleSystems":true,"showVisualEffectGraphs":true,"m_FxEnabled":true},"in2DMode":false,"pivot":{"x":500.2405700683594,"y":-27.11517333984375,"z":776.1856079101563},"rotation":{"x":0.1966836005449295,"y":0.016769206151366235,"z":-0.0033530958462506534,"w":0.9803346395492554},"size":966.9744873046875,"orthographic":false}